-- MySQL dump 10.13  Distrib 5.7.26, for Linux (x86_64)
--
-- Host: localhost    Database: SRB
-- ------------------------------------------------------
-- Server version	5.7.26-0ubuntu0.16.04.1

/*!40101 SET @OLD_CHARACTER_SET_CLIENT=@@CHARACTER_SET_CLIENT */;
/*!40101 SET @OLD_CHARACTER_SET_RESULTS=@@CHARACTER_SET_RESULTS */;
/*!40101 SET @OLD_COLLATION_CONNECTION=@@COLLATION_CONNECTION */;
/*!40101 SET NAMES utf8 */;
/*!40103 SET @OLD_TIME_ZONE=@@TIME_ZONE */;
/*!40103 SET TIME_ZONE='+00:00' */;
/*!40014 SET @OLD_UNIQUE_CHECKS=@@UNIQUE_CHECKS, UNIQUE_CHECKS=0 */;
/*!40014 SET @OLD_FOREIGN_KEY_CHECKS=@@FOREIGN_KEY_CHECKS, FOREIGN_KEY_CHECKS=0 */;
/*!40101 SET @OLD_SQL_MODE=@@SQL_MODE, SQL_MODE='NO_AUTO_VALUE_ON_ZERO' */;
/*!40111 SET @OLD_SQL_NOTES=@@SQL_NOTES, SQL_NOTES=0 */;

--
-- Table structure for table `actor`
--

DROP TABLE IF EXISTS `actor`;
/*!40101 SET @saved_cs_client     = @@character_set_client */;
/*!40101 SET character_set_client = utf8 */;
CREATE TABLE `actor` (
  `curp` varchar(18) NOT NULL,
  `nombre` varchar(50) DEFAULT NULL,
  `app` varchar(15) DEFAULT NULL,
  `apm` varchar(15) DEFAULT NULL,
  `edad` int(11) DEFAULT NULL,
  `tel` varchar(15) DEFAULT NULL,
  `estado` varchar(25) DEFAULT NULL,
  `municipio` varchar(30) DEFAULT NULL,
  `colonia` varchar(30) DEFAULT NULL,
  `ninterior` int(11) DEFAULT NULL,
  `nexterior` int(11) DEFAULT NULL,
  `cp` varchar(5) DEFAULT NULL,
  `calle` varchar(30) DEFAULT NULL,
  `tipo` varchar(30) DEFAULT NULL,
  `idCorralon` int(11) DEFAULT NULL,
  PRIMARY KEY (`curp`)
) ENGINE=InnoDB DEFAULT CHARSET=latin1;
/*!40101 SET character_set_client = @saved_cs_client */;

--
-- Dumping data for table `actor`
--

LOCK TABLES `actor` WRITE;
/*!40000 ALTER TABLE `actor` DISABLE KEYS */;
INSERT INTO `actor` VALUES ('ABC010101ABD4','Juan','Robles','Vite',32,'775144478','CDMX','Copilco','ard',58,12,'78945','unodos','encargadoc',1),('HIJ2931234AJSNF','Oscar','Jimenez','Perez',32,'775144927','CDMX','Copilco','hsj',0,12,'78945','erteq','administradorc',1),('WERT981012ERGNSD01','Steve','Rogers','Stark',25,'51584949','CDMX','Copilco','Centro',25,0,'47896','Juarez','administradorc',1);
/*!40000 ALTER TABLE `actor` ENABLE KEYS */;
UNLOCK TABLES;

--
-- Table structure for table `aseguradora`
--

DROP TABLE IF EXISTS `aseguradora`;
/*!40101 SET @saved_cs_client     = @@character_set_client */;
/*!40101 SET character_set_client = utf8 */;
CREATE TABLE `aseguradora` (
  `rfc` varchar(15) NOT NULL,
  `rz` varchar(30) DEFAULT NULL,
  `nombre` varchar(25) DEFAULT NULL,
  `nconsulta` varchar(15) DEFAULT NULL,
  `nsiniestro` varchar(15) DEFAULT NULL,
  `estado` varchar(25) DEFAULT NULL,
  `municipio` varchar(30) DEFAULT NULL,
  `colonia` varchar(30) DEFAULT NULL,
  `calle` varchar(30) DEFAULT NULL,
  `nexterior` int(11) DEFAULT NULL,
  `ninterior` int(11) DEFAULT NULL,
  `cp` varchar(5) DEFAULT NULL,
  PRIMARY KEY (`rfc`)
) ENGINE=InnoDB DEFAULT CHARSET=latin1;
/*!40101 SET character_set_client = @saved_cs_client */;

--
-- Dumping data for table `aseguradora`
--

LOCK TABLES `aseguradora` WRITE;
/*!40000 ALTER TABLE `aseguradora` DISABLE KEYS */;
INSERT INTO `aseguradora` VALUES ('PRLSDE2342','GNP S.A de C.V.','GNP','7878461717','7878538','CDMX','fr','fs','rty',3,4,'34212'),('RFTAXA1','AXA S. A. de C. V.','AXA','551234567','559876543','CDMX','Gustavo Madero','San Bartolo','Cristobal colon',15,0,'34212');
/*!40000 ALTER TABLE `aseguradora` ENABLE KEYS */;
UNLOCK TABLES;

--
-- Table structure for table `conductor`
--

DROP TABLE IF EXISTS `conductor`;
/*!40101 SET @saved_cs_client     = @@character_set_client */;
/*!40101 SET character_set_client = utf8 */;
CREATE TABLE `conductor` (
  `curp` varchar(18) NOT NULL,
  `nombre` varchar(50) DEFAULT NULL,
  `app` varchar(15) DEFAULT NULL,
  `apm` varchar(15) DEFAULT NULL,
  `edad` int(11) DEFAULT NULL,
  `tel` varchar(15) DEFAULT NULL,
  `estado` varchar(25) DEFAULT NULL,
  `municipio` varchar(30) DEFAULT NULL,
  `colonia` varchar(30) DEFAULT NULL,
  `ninterior` int(11) DEFAULT NULL,
  `nexterior` int(11) DEFAULT NULL,
  `cp` varchar(5) DEFAULT NULL,
  `calle` varchar(30) DEFAULT NULL,
  `idCorralon` int(11) DEFAULT NULL,
  PRIMARY KEY (`curp`),
  KEY `idCorralon` (`idCorralon`),
  CONSTRAINT `conductor_ibfk_1` FOREIGN KEY (`idCorralon`) REFERENCES `corralon` (`id`)
) ENGINE=InnoDB DEFAULT CHARSET=latin1;
/*!40101 SET character_set_client = @saved_cs_client */;

--
-- Dumping data for table `conductor`
--

LOCK TABLES `conductor` WRITE;
/*!40000 ALTER TABLE `conductor` DISABLE KEYS */;
INSERT INTO `conductor` VALUES ('CARE980505HHFNSD05','Edson','Hernández','Osorio',28,'144578560','CDMX','Gustavo Madero','San Bartolo',0,720,'07230','Lindavista',1);
/*!40000 ALTER TABLE `conductor` ENABLE KEYS */;
UNLOCK TABLES;

--
-- Table structure for table `contenedor`
--

DROP TABLE IF EXISTS `contenedor`;
/*!40101 SET @saved_cs_client     = @@character_set_client */;
/*!40101 SET character_set_client = utf8 */;
CREATE TABLE `contenedor` (
  `uso` varchar(15) DEFAULT NULL,
  `capacidad` int(11) DEFAULT NULL,
  `um` varchar(15) DEFAULT NULL,
  `id` int(11) DEFAULT NULL,
  `vehiculo_id` int(11) DEFAULT NULL,
  KEY `vehiculo_id` (`vehiculo_id`),
  CONSTRAINT `contenedor_ibfk_1` FOREIGN KEY (`vehiculo_id`) REFERENCES `vehiculo` (`id`)
) ENGINE=InnoDB DEFAULT CHARSET=latin1;
/*!40101 SET character_set_client = @saved_cs_client */;

--
-- Dumping data for table `contenedor`
--

LOCK TABLES `contenedor` WRITE;
/*!40000 ALTER TABLE `contenedor` DISABLE KEYS */;
INSERT INTO `contenedor` VALUES ('Inorganico',34,'MC',0,3),('Mixto',56,'CC',1,3);
/*!40000 ALTER TABLE `contenedor` ENABLE KEYS */;
UNLOCK TABLES;

--
-- Table structure for table `corralon`
--

DROP TABLE IF EXISTS `corralon`;
/*!40101 SET @saved_cs_client     = @@character_set_client */;
/*!40101 SET character_set_client = utf8 */;
CREATE TABLE `corralon` (
  `id` int(11) NOT NULL,
  `nombre` varchar(30) DEFAULT NULL,
  `tel` varchar(15) DEFAULT NULL,
  `estado` varchar(25) DEFAULT NULL,
  `municipio` varchar(30) DEFAULT NULL,
  `colonia` varchar(30) DEFAULT NULL,
  `calle` varchar(30) DEFAULT NULL,
  `nexterior` int(11) DEFAULT NULL,
  `cp` varchar(5) DEFAULT NULL,
  PRIMARY KEY (`id`)
) ENGINE=InnoDB DEFAULT CHARSET=latin1;
/*!40101 SET character_set_client = @saved_cs_client */;

--
-- Dumping data for table `corralon`
--

LOCK TABLES `corralon` WRITE;
/*!40000 ALTER TABLE `corralon` DISABLE KEYS */;
INSERT INTO `corralon` VALUES (1,'San Marcos D','12457894','CDMX','Gustavo Madero','San Bartolo','16 de septiembre',56,'58741');
/*!40000 ALTER TABLE `corralon` ENABLE KEYS */;
UNLOCK TABLES;

--
-- Table structure for table `login`
--

DROP TABLE IF EXISTS `login`;
/*!40101 SET @saved_cs_client     = @@character_set_client */;
/*!40101 SET character_set_client = utf8 */;
CREATE TABLE `login` (
  `curp` varchar(18) NOT NULL,
  `psswd` varchar(60) DEFAULT NULL,
  KEY `curp` (`curp`),
  CONSTRAINT `login_ibfk_1` FOREIGN KEY (`curp`) REFERENCES `actor` (`curp`) ON DELETE CASCADE ON UPDATE CASCADE
) ENGINE=InnoDB DEFAULT CHARSET=latin1;
/*!40101 SET character_set_client = @saved_cs_client */;

--
-- Dumping data for table `login`
--

LOCK TABLES `login` WRITE;
/*!40000 ALTER TABLE `login` DISABLE KEYS */;
INSERT INTO `login` VALUES ('HIJ2931234AJSNF','123'),('ABC010101ABD4','hola');
/*!40000 ALTER TABLE `login` ENABLE KEYS */;
UNLOCK TABLES;

--
-- Table structure for table `marca`
--

DROP TABLE IF EXISTS `marca`;
/*!40101 SET @saved_cs_client     = @@character_set_client */;
/*!40101 SET character_set_client = utf8 */;
CREATE TABLE `marca` (
  `marca` varchar(50) NOT NULL,
  PRIMARY KEY (`marca`)
) ENGINE=InnoDB DEFAULT CHARSET=latin1;
/*!40101 SET character_set_client = @saved_cs_client */;

--
-- Dumping data for table `marca`
--

LOCK TABLES `marca` WRITE;
/*!40000 ALTER TABLE `marca` DISABLE KEYS */;
INSERT INTO `marca` VALUES ('ACURA'),('ALFA ROMEO'),('AM GENERAL'),('AMERICAN MOTORS'),('ASTON MARTIN'),('ASUNA'),('AUDI'),('AUSTIN-HEALEY'),('AVANTI'),('BENTLEY'),('BMW'),('BORGWARD'),('BRICKLIN'),('BUICK'),('CADILLAC'),('CHECKER'),('CHEVROLET'),('CHRYSLER'),('DAEWOO'),('DAIHATSU'),('DELOREAN'),('DESOTO'),('DETOMASO'),('DODGE'),('EAGLE'),('FAW'),('FERRARI'),('FIAT'),('FISKER'),('FORD'),('FOTON'),('FREIGHTLINER'),('GENESIS'),('GEO'),('GIANT'),('GMC'),('HONDA'),('HUMMER'),('HYUNDAI'),('IHC'),('INFINITI'),('ISUZU'),('JAGUAR'),('JEEP'),('JENSEN'),('KIA'),('LADA'),('LAMBORGHINI'),('LANCIA'),('LAND ROVER'),('LEXUS'),('LINCOLN'),('LOTUS'),('M. G.'),('MASERATI'),('MAYBACH'),('MAZDA'),('MERCEDES BENZ'),('MERCURY'),('METEOR'),('MINI'),('MITSUBISHI'),('NISSAN'),('NULO'),('OLDSMOBILE'),('OPEL'),('PANOZ'),('PASSPORT'),('PEUGEOT'),('PLYMOUTH'),('PONTIAC'),('PORSCHE'),('RAM'),('RENAULT'),('ROLLS ROYCE'),('SAAB'),('SALEEN'),('SATURN'),('SCION'),('SEAT'),('SMART'),('STERLING'),('STUDEBAKER'),('SUBARU'),('SUZUKI'),('TOYOTA'),('VAM'),('VLF AUTOMOTIVE'),('VOLKSWAGEN'),('VOLVO'),('VPG'),('YUGO');
/*!40000 ALTER TABLE `marca` ENABLE KEYS */;
UNLOCK TABLES;

--
-- Table structure for table `submarca`
--

DROP TABLE IF EXISTS `submarca`;
/*!40101 SET @saved_cs_client     = @@character_set_client */;
/*!40101 SET character_set_client = utf8 */;
CREATE TABLE `submarca` (
  `submarca` varchar(50) DEFAULT NULL,
  `marca` varchar(50) DEFAULT NULL,
  KEY `marca` (`marca`),
  CONSTRAINT `submarca_ibfk_1` FOREIGN KEY (`marca`) REFERENCES `marca` (`marca`) ON DELETE CASCADE ON UPDATE CASCADE
) ENGINE=InnoDB DEFAULT CHARSET=latin1;
/*!40101 SET character_set_client = @saved_cs_client */;

--
-- Dumping data for table `submarca`
--

LOCK TABLES `submarca` WRITE;
/*!40000 ALTER TABLE `submarca` DISABLE KEYS */;
INSERT INTO `submarca` VALUES ('CL','ACURA'),('CSX','ACURA'),('CSX TYPE S','ACURA'),('EL','ACURA'),('ILX','ACURA'),('ILX HYBRID','ACURA'),('INTEGRA','ACURA'),('LEGEND','ACURA'),('MDX','ACURA'),('MDX HYBRID','ACURA'),('NSX','ACURA'),('RDX','ACURA'),('RL','ACURA'),('RLX','ACURA'),('RSX','ACURA'),('SLX','ACURA'),('TL','ACURA'),('TL TYPE S','ACURA'),('TLX','ACURA'),('TSX','ACURA'),('VIGOR','ACURA'),('ZDX','ACURA'),('147','ALFA ROMEO'),('156','ALFA ROMEO'),('164','ALFA ROMEO'),('166','ALFA ROMEO'),('4C','ALFA ROMEO'),('BC COMPETIZIONE','ALFA ROMEO'),('ALFETTA GT','ALFA ROMEO'),('ALFETTA SPORT','ALFA ROMEO'),('GIULIA','ALFA ROMEO'),('GIULIETTA','ALFA ROMEO'),('GTV','ALFA ROMEO'),('MITO','ALFA ROMEO'),('SPIDER','ALFA ROMEO'),('STELVIO','ALFA ROMEO'),('H1','AM GENERAL'),('HUMMER','AM GENERAL'),('ALLIANCE','AMERICAN MOTORS'),('AMBASSADOR','AMERICAN MOTORS'),('AMERICAN','AMERICAN MOTORS'),('AMX','AMERICAN MOTORS'),('CLASSIC','AMERICAN MOTORS'),('CONCORD','AMERICAN MOTORS'),('CUSTOM','AMERICAN MOTORS'),('DELUXE','AMERICAN MOTORS'),('EAGLE','AMERICAN MOTORS'),('ENCORE','AMERICAN MOTORS'),('GREMLIN','AMERICAN MOTORS'),('GTA','AMERICAN MOTORS'),('HORNET','AMERICAN MOTORS'),('JAVELIN','AMERICAN MOTORS'),('KAMMBACK','AMERICAN MOTORS'),('MARLIN','AMERICAN MOTORS'),('MATADOR','AMERICAN MOTORS'),('PACER','AMERICAN MOTORS'),('RAMBLER','AMERICAN MOTORS'),('REBEL','AMERICAN MOTORS'),('ROGUE','AMERICAN MOTORS'),('SPIRIT','AMERICAN MOTORS'),('SUPER SIX','AMERICAN MOTORS'),('TYPHOON','AMERICAN MOTORS'),('DB6','ASTON MARTIN'),('DB7','ASTON MARTIN'),('DB9','ASTON MARTIN'),('DBS','ASTON MARTIN'),('ONE-77','ASTON MARTIN'),('RAPIDE','ASTON MARTIN'),('V12 VANTAGE','ASTON MARTIN'),('V8','ASTON MARTIN'),('V8 VANTAGE','ASTON MARTIN'),('V8 VOLANTE','ASTON MARTIN'),('VANQUISH','ASTON MARTIN'),('VIRAGE','ASTON MARTIN'),('SUNFIRE','ASUNA'),('SUNRUNNER','ASUNA'),('100','AUDI'),('200','AUDI'),('4000','AUDI'),('5000','AUDI'),('80','AUDI'),('90','AUDI'),('A1','AUDI'),('A3','AUDI'),('A3 QUATTRO','AUDI'),('A3 SPORTBACK E-TRON','AUDI'),('A4','AUDI'),('A4 ALL ROAD','AUDI'),('A4 QUATTRO','AUDI'),('A5','AUDI'),('A5 CABRIOLET','AUDI'),('A5 QUATTRO','AUDI'),('A5 SPORTBACK','AUDI'),('A6','AUDI'),('A6 QUATTRO','AUDI'),('A7','AUDI'),('A7 QUATTRO','AUDI'),('A8','AUDI'),('A8 QUATTRO','AUDI'),('ALLROAD','AUDI'),('CABRIOLET','AUDI'),('COUPE','AUDI'),('FOX','AUDI'),('GT COUPE','AUDI'),('Q3','AUDI'),('Q3 QUATTRO','AUDI'),('Q5','AUDI'),('Q5 HYBRID','AUDI'),('Q7','AUDI'),('QUATTRO','AUDI'),('R8','AUDI'),('RS3','AUDI'),('RS4','AUDI'),('RS5','AUDI'),('RS6','AUDI'),('RS7','AUDI'),('S3','AUDI'),('S4','AUDI'),('S5','AUDI'),('S5 SPORTBACK','AUDI'),('S6','AUDI'),('S7','AUDI'),('S8','AUDI'),('SQ5','AUDI'),('TT','AUDI'),('TT QUATRO','AUDI'),('TT RS','AUDI'),('TTS','AUDI'),('V8','AUDI'),('3000 MARK I','AUSTIN-HEALEY'),('SPRITE MARK I','AUSTIN-HEALEY'),('CONVERTIBLE','AVANTI'),('COUPE','AVANTI'),('ARNAGE','BENTLEY'),('AZURE','BENTLEY'),('BROOKLANDS','BENTLEY'),('CONTINENTAL','BENTLEY'),('MULSANNE','BENTLEY'),('TURBO R','BENTLEY'),('128i','BMW'),('135i','BMW'),('2000','BMW'),('2002','BMW'),('228i','BMW'),('230i','BMW'),('230i xDrive','BMW'),('318i','BMW'),('318is','BMW'),('318ti','BMW'),('320i','BMW'),('320i xDrive','BMW'),('323Ci','BMW'),('323i','BMW'),('323is','BMW'),('325','BMW'),('325Ci','BMW'),('325e','BMW'),('325es','BMW'),('325i','BMW'),('325is','BMW'),('325iX','BMW'),('325xi','BMW'),('328Ci','BMW'),('328d','BMW'),('328d xDrive','BMW'),('328i','BMW'),('328i GT xDrive','BMW'),('328i xDrive','BMW'),('328is','BMW'),('328xi','BMW'),('330Ci','BMW'),('330e','BMW'),('330i','BMW'),('330i GT xDrive','BMW'),('330i xDrive','BMW'),('330xi','BMW'),('335d','BMW'),('335i','BMW'),('335i GT xDrive','BMW'),('335i xDrive','BMW'),('335is','BMW'),('335xi','BMW'),('340i','BMW'),('340i GT xDrive','BMW'),('340i xDrive','BMW'),('428i','BMW'),('430i','BMW'),('430i GRAN COUPE','BMW'),('430i xDrive','BMW'),('430i xDrive GRAN COUPE','BMW'),('435i','BMW'),('440i','BMW'),('440i GRAN COUPE','BMW'),('440i xDrive','BMW'),('440i xDrive GRAN COUPE','BMW'),('524td','BMW'),('525i','BMW'),('525iT','BMW'),('525xi','BMW'),('528e','BMW'),('528i','BMW'),('528i xDrive','BMW'),('528xi','BMW'),('530e','BMW'),('530e xDrive','BMW'),('530i','BMW'),('530i xDrive','BMW'),('530xi','BMW'),('533i','BMW'),('535d','BMW'),('535d xDrive','BMW'),('535i','BMW'),('535i GT','BMW'),('535i GT xDrive','BMW'),('535i xDrive','BMW'),('535is','BMW'),('535xi','BMW'),('540i','BMW'),('540i xDrive','BMW'),('545i','BMW'),('550i','BMW'),('550i GT','BMW'),('550i GT xDrive','BMW'),('550i xDrive','BMW'),('630CSi','BMW'),('633CSi','BMW'),('635CSi','BMW'),('640i','BMW'),('640i GRAN COUPE','BMW'),('640i xDrive','BMW'),('640i xDrive GRAN COUPE','BMW'),('640i xDrive GRAN TURISMO','BMW'),('645Ci','BMW'),('650i','BMW'),('650i GRAN COUPE','BMW'),('650i xDrive','BMW'),('650i xDrive GRAN COUPE','BMW'),('733i','BMW'),('735i','BMW'),('735il','BMW'),('740e','BMW'),('740e xDrive','BMW'),('740i','BMW'),('740i xDrive','BMW'),('740iL','BMW'),('740Ld xDrive','BMW'),('740Li','BMW'),('740Li xDrive','BMW'),('745i','BMW'),('745Li','BMW'),('750i','BMW'),('750i xDrive','BMW'),('750iL','BMW'),('750Li','BMW'),('750Li xDrive','BMW'),('760i','BMW'),('760Li','BMW'),('840Ci','BMW'),('850Ci','BMW'),('850CSi','BMW'),('850i','BMW'),('ACTIVEHYBRID 3','BMW'),('ACTIVEHYBRID 5','BMW'),('ACTIVEHYBRID 7','BMW'),('ALPINA B6','BMW'),('ALPINA B7','BMW'),('i3','BMW'),('i8','BMW'),('M2','BMW'),('M235i','BMW'),('M235i xDrive','BMW'),('M240i','BMW'),('M240i xDrive','BMW'),('M3','BMW'),('M4','BMW'),('M5','BMW'),('M550i xDrive','BMW'),('M6','BMW'),('M6 GRAN COUPE','BMW'),('M760i xDrive','BMW'),('X1','BMW'),('X2','BMW'),('X3','BMW'),('X4','BMW'),('X5','BMW'),('X5 M','BMW'),('X6','BMW'),('X6 HYBRID','BMW'),('Z3','BMW'),('Z4','BMW'),('Z8','BMW'),('ISABELLA','BORGWARD'),('LIMOUSINE','BORGWARD'),('SEDAN','BORGWARD'),('SV-1','BRICKLIN'),('ALLURE','BUICK'),('APOLLO','BUICK'),('CASCADA','BUICK'),('CENTURION','BUICK'),('CENTURY','BUICK'),('ELECTRA','BUICK'),('ENCLAVE','BUICK'),('ENCORE','BUICK'),('ENVISION','BUICK'),('ESTATE WAGON','BUICK'),('GS','BUICK'),('LACROSSE','BUICK'),('LESABRE','BUICK'),('LUCERNE','BUICK'),('OPEL','BUICK'),('PARK AVENUE','BUICK'),('RAINIER','BUICK'),('REATTA','BUICK'),('REGAL','BUICK'),('REGAL GS','BUICK'),('REGAL HYBRID','BUICK'),('REGAL SPORTBACK','BUICK'),('REGAL TOURX','BUICK'),('RENDEZVOUS','BUICK'),('RIVIERA','BUICK'),('ROADMASTER','BUICK'),('SKYHAWK','BUICK'),('SKYLARK','BUICK'),('SOMERSET','BUICK'),('SPECIAL','BUICK'),('SPORTWAGON','BUICK'),('TERRAZA','BUICK'),('VERANO','BUICK'),('WILDCAT','BUICK'),('ALLANTE','CADILLAC'),('ATS','CADILLAC'),('BLS','CADILLAC'),('BROUGHAM','CADILLAC'),('CALAIS','CADILLAC'),('CATERA','CADILLAC'),('CIMARRON','CADILLAC'),('CONCOURS','CADILLAC'),('CT6','CADILLAC'),('CT6 HYBRID','CADILLAC'),('CTS','CADILLAC'),('CTS-V','CADILLAC'),('DEVILLE','CADILLAC'),('DTS','CADILLAC'),('ELDORADO','CADILLAC'),('ELECTRA','CADILLAC'),('ELR','CADILLAC'),('ESCALADE','CADILLAC'),('ESCALADE ESV','CADILLAC'),('ESCALADE EXT','CADILLAC'),('FLEETWOOD','CADILLAC'),('SERIES 60 FLEETWOOD','CADILLAC'),('SERIES 62','CADILLAC'),('SERIES 75 FLEETWOOD','CADILLAC'),('SEVILLE','CADILLAC'),('SRX','CADILLAC'),('STS','CADILLAC'),('XLR','CADILLAC'),('XT5','CADILLAC'),('XTS','CADILLAC'),('AEROBUS','CHECKER'),('MARATHON','CHECKER'),('MARATHON TAXICAB','CHECKER'),('SUPERBA','CHECKER'),('400 SS','CHEVROLET'),('ASTRA','CHEVROLET'),('ASTRO','CHEVROLET'),('AVALANCHE','CHEVROLET'),('AVEO','CHEVROLET'),('AVEO (USA)','CHEVROLET'),('BEAT','CHEVROLET'),('BELAIR','CHEVROLET'),('BERETTA','CHEVROLET'),('BISCAYNE','CHEVROLET'),('BLAZER','CHEVROLET'),('BROOKWOOD','CHEVROLET'),('C10','CHEVROLET'),('C10 PANEL','CHEVROLET'),('C10 PICKUP','CHEVROLET'),('C10 SUBURBAN','CHEVROLET'),('C1500','CHEVROLET'),('C1500 SUBURBAN','CHEVROLET'),('C20','CHEVROLET'),('C20 PANEL','CHEVROLET'),('C20 PICKUP','CHEVROLET'),('C20 SUBURBAN','CHEVROLET'),('C2500','CHEVROLET'),('C2500 SUBURBAN','CHEVROLET'),('C30','CHEVROLET'),('C30 PANEL','CHEVROLET'),('C30 PICKUP','CHEVROLET'),('C3500','CHEVROLET'),('CAMARO','CHEVROLET'),('CAMION','CHEVROLET'),('CAMIONES SERIE 600','CHEVROLET'),('CAMIONETAS REATTA','CHEVROLET'),('CAPRICE','CHEVROLET'),('CAPTIVA','CHEVROLET'),('CAVALIER','CHEVROLET'),('CAVALIER Z-24','CHEVROLET'),('CELEBRITY','CHEVROLET'),('CHEVELLE','CHEVROLET'),('CHEVETTE','CHEVROLET'),('CHEVY','CHEVROLET'),('CHEVY C2','CHEVROLET'),('CHEVY MONZA','CHEVROLET'),('CHEVY PICK-UP','CHEVROLET'),('CHEVY VAN','CHEVROLET'),('CHEVY VAN C-20','CHEVROLET'),('CHEYENNE','CHEVROLET'),('CITATION','CHEVROLET'),('CITY EXPRESS','CHEVROLET'),('COBALT','CHEVROLET'),('COLORADO','CHEVROLET'),('CONCOURS','CHEVROLET'),('CORSA','CHEVROLET'),('CORSICA','CHEVROLET'),('CORVETTE','CHEVROLET'),('CRUZE','CHEVROLET'),('CRUZE LIMITED','CHEVROLET'),('CUTLASS EUROSPORT','CHEVROLET'),('EL CAMINO','CHEVROLET'),('EPICA','CHEVROLET'),('EQUINOX','CHEVROLET'),('EUROSPORT','CHEVROLET'),('EXPRESS 1500','CHEVROLET'),('EXPRESS 2500','CHEVROLET'),('EXPRESS 3500','CHEVROLET'),('EXPRESS 4500','CHEVROLET'),('G10','CHEVROLET'),('G10 VAN','CHEVROLET'),('G20','CHEVROLET'),('G20 VAN','CHEVROLET'),('G30','CHEVROLET'),('G30 VAN','CHEVROLET'),('HHR','CHEVROLET'),('IMPALA','CHEVROLET'),('IMPALA LIMITED','CHEVROLET'),('K10','CHEVROLET'),('K10 PICKUP','CHEVROLET'),('K10 SUBURBAN','CHEVROLET'),('K1500','CHEVROLET'),('K1500 SUBURBAN','CHEVROLET'),('K20','CHEVROLET'),('K20 PANEL','CHEVROLET'),('K20 PICKUP','CHEVROLET'),('K20 SUBURBAN','CHEVROLET'),('K2500','CHEVROLET'),('K2500 SUBURBAN','CHEVROLET'),('K30','CHEVROLET'),('K30 PICKUP','CHEVROLET'),('K3500','CHEVROLET'),('K5 BLAZER','CHEVROLET'),('KINGSWOOD','CHEVROLET'),('KODIAK','CHEVROLET'),('KODIAK C4500','CHEVROLET'),('KODIAK C5500','CHEVROLET'),('LAGUNA','CHEVROLET'),('LCF 3500','CHEVROLET'),('LUMINA','CHEVROLET'),('LUMINA APV','CHEVROLET'),('LUV','CHEVROLET'),('MALIBU','CHEVROLET'),('MATIZ','CHEVROLET'),('MERIVA','CHEVROLET'),('METRO','CHEVROLET'),('MONTECARLO','CHEVROLET'),('MONZA','CHEVROLET'),('MOTOR 3500','CHEVROLET'),('NOVA','CHEVROLET'),('OPTRA','CHEVROLET'),('ORLANDO','CHEVROLET'),('P10','CHEVROLET'),('P10 SERIES','CHEVROLET'),('P20','CHEVROLET'),('P20 SERIES','CHEVROLET'),('P20 VAN','CHEVROLET'),('P30','CHEVROLET'),('P30 SERIES','CHEVROLET'),('P30 VAN','CHEVROLET'),('PRIZM','CHEVROLET'),('ROADMASTER','CHEVROLET'),('ROYALE LS','CHEVROLET'),('S10','CHEVROLET'),('S15','CHEVROLET'),('SILVERADO 1500','CHEVROLET'),('SILVERADO 1500 CLASSIC','CHEVROLET'),('SILVERADO 1500 HD','CHEVROLET'),('SILVERADO 1500 HD CLASSIC','CHEVROLET'),('SILVERADO 2500','CHEVROLET'),('SILVERADO 2500 HD','CHEVROLET'),('SILVERADO 2500 HD CLASSIC','CHEVROLET'),('SILVERADO 3500','CHEVROLET'),('SILVERADO 3500 CLASSIC','CHEVROLET'),('SILVERADO 3500 HD','CHEVROLET'),('SONIC','CHEVROLET'),('SONORA','CHEVROLET'),('SPARK','CHEVROLET'),('SPARK CLASSIC','CHEVROLET'),('SPECTRUM','CHEVROLET'),('SPRINT','CHEVROLET'),('SS','CHEVROLET'),('SSR','CHEVROLET'),('SUBURBAN','CHEVROLET'),('SUBURBAN 1500','CHEVROLET'),('SUBURBAN 2500','CHEVROLET'),('SUBURBAN 3500 HD','CHEVROLET'),('T10 BLAZER','CHEVROLET'),('T15 BLAZER','CHEVROLET'),('TAHOE','CHEVROLET'),('TAHOE HYBRID','CHEVROLET'),('TIGRA','CHEVROLET'),('TORNADO','CHEVROLET'),('TOWNSMAN','CHEVROLET'),('TRACKER','CHEVROLET'),('TRAIL BLAZER','CHEVROLET'),('TRAVERSE','CHEVROLET'),('TRAX','CHEVROLET'),('UPLANDER','CHEVROLET'),('V SERIES','CHEVROLET'),('VECTRA','CHEVROLET'),('VEGA','CHEVROLET'),('VENTURE','CHEVROLET'),('VOLT','CHEVROLET'),('ZAFIRA','CHEVROLET'),('200','CHRYSLER'),('300','CHRYSLER'),('300C','CHRYSLER'),('300M','CHRYSLER'),('600 K','CHRYSLER'),('ASPEN','CHRYSLER'),('ASPEN HYBRID','CHRYSLER'),('CIRRUS','CHRYSLER'),('CONCORDE','CHRYSLER'),('CONQUEST','CHRYSLER'),('CORDOBA','CHRYSLER'),('CROSSFIRE','CHRYSLER'),('CRUSIER','CHRYSLER'),('DAYTONA','CHRYSLER'),('DYNASTY','CHRYSLER'),('EXECUTIVE','CHRYSLER'),('FIFTH AVENUE','CHRYSLER'),('IMPERIAL','CHRYSLER'),('INTREPID','CHRYSLER'),('LASER','CHRYSLER'),('LE BARON','CHRYSLER'),('LHS','CHRYSLER'),('MODELOS E (NEW YORKER)','CHRYSLER'),('MODELOS K','CHRYSLER'),('NASSAU','CHRYSLER'),('NEW YORKER','CHRYSLER'),('NEWPORT','CHRYSLER'),('PACIFICA','CHRYSLER'),('PHANTOM','CHRYSLER'),('PROSPECTOR','CHRYSLER'),('PT CRUISER','CHRYSLER'),('ROYAL','CHRYSLER'),('SARATOGA','CHRYSLER'),('SEBRING','CHRYSLER'),('ST REGIS','CHRYSLER'),('TC','CHRYSLER'),('TOWN & COUNTRY','CHRYSLER'),('VOYAGER','CHRYSLER'),('WINDSOR','CHRYSLER'),('CIELO','DAEWOO'),('ESPERO','DAEWOO'),('LANOS','DAEWOO'),('LEGANZA','DAEWOO'),('NUBIRA','DAEWOO'),('PRINCE','DAEWOO'),('RACER GTI','DAEWOO'),('CHARADE','DAIHATSU'),('ROCKY','DAIHATSU'),('TERIOS','DAIHATSU'),('DMC 12','DELOREAN'),('ADVENTURER','DESOTO'),('MANGUSTA','DETOMASO'),('150','DODGE'),('2000 GTX','DODGE'),('24','DODGE'),('250','DODGE'),('330','DODGE'),('600','DODGE'),('600 K','DODGE'),('A100','DODGE'),('A108','DODGE'),('ARIES','DODGE'),('ASPEN','DODGE'),('ATOS','DODGE'),('ATTITUDE','DODGE'),('AVENGER','DODGE'),('B100','DODGE'),('B100 VAN','DODGE'),('B150','DODGE'),('B1500','DODGE'),('B200','DODGE'),('B200 VAN','DODGE'),('B250','DODGE'),('B2500','DODGE'),('B300','DODGE'),('B300 VAN','DODGE'),('B350','DODGE'),('B3500','DODGE'),('CALIBER','DODGE'),('CARAVAN','DODGE'),('CB300','DODGE'),('CHALLENGER','DODGE'),('CHARGER','DODGE'),('COLT','DODGE'),('CONQUEST','DODGE'),('CORONET','DODGE'),('D SERIES','DODGE'),('D100','DODGE'),('D100 PICKUP','DODGE'),('D100 SERIES','DODGE'),('D150','DODGE'),('D200','DODGE'),('D200 PICKUP','DODGE'),('D200 SERIES','DODGE'),('D250','DODGE'),('D300','DODGE'),('D300 PICKUP','DODGE'),('D300 SERIES','DODGE'),('D350','DODGE'),('D50','DODGE'),('DAKOTA','DODGE'),('DART','DODGE'),('DART DUSTER','DODGE'),('DAYTONA','DODGE'),('DIPLOMAT','DODGE'),('DURANGO','DODGE'),('DURANGO HYBRID','DODGE'),('DYNASTY','DODGE'),('GRAN CARAVAN','DODGE'),('H100','DODGE'),('H100 VAN','DODGE'),('I10','DODGE'),('INTREPID','DODGE'),('JOURNEY','DODGE'),('LANCER','DODGE'),('M300','DODGE'),('M350','DODGE'),('MAGNUM','DODGE'),('MINI RAM VAN','DODGE'),('MIRADA','DODGE'),('MONACO','DODGE'),('NEON','DODGE'),('NITRO','DODGE'),('OMNI','DODGE'),('P200','DODGE'),('P300','DODGE'),('PICKUP','DODGE'),('PICKUP 100','DODGE'),('POLARA','DODGE'),('PROMASTER','DODGE'),('RAIDER','DODGE'),('RAM 1500','DODGE'),('RAM 1500 VAN','DODGE'),('RAM 2500','DODGE'),('RAM 2500 VAN','DODGE'),('RAM 3500','DODGE'),('RAM 3500 VAN','DODGE'),('RAM 4000','DODGE'),('RAM 50','DODGE'),('RAM CARGO VAN','DODGE'),('RAM CHARGER','DODGE'),('RD200','DODGE'),('SHADOW','DODGE'),('SPIRIT','DODGE'),('ST REGIS','DODGE'),('STEALTH','DODGE'),('STRATUS','DODGE'),('SUPER BEE','DODGE'),('VAN 1000','DODGE'),('VANS B','DODGE'),('VERNA','DODGE'),('VIPER','DODGE'),('VISION','DODGE'),('W100','DODGE'),('W100 PICKUP','DODGE'),('W100 SERIES','DODGE'),('W150','DODGE'),('W200','DODGE'),('W200 PICKUP','DODGE'),('W200 SERIES','DODGE'),('W250','DODGE'),('W300','DODGE'),('W300 PICKUP','DODGE'),('W350','DODGE'),('WM300 PICKUP','DODGE'),('WM300 POWER WAGON','DODGE'),('2000GTX','EAGLE'),('MEDALLION','EAGLE'),('PREMIER','EAGLE'),('SUMMIT','EAGLE'),('TALON','EAGLE'),('VISION','EAGLE'),('VISTA','EAGLE'),('F1','FAW'),('F4','FAW'),('F5','FAW'),('360 MODENA','FERRARI'),('430','FERRARI'),('456 GT','FERRARI'),('456 GTA','FERRARI'),('458 ITALIA','FERRARI'),('550 BARCHETTA PININFARINA','FERRARI'),('550 MARANELLO','FERRARI'),('575 MARANELLO','FERRARI'),('599 GTB FIORANO','FERRARI'),('612','FERRARI'),('CALIFORNIA','FERRARI'),('F355 SPIDER','FERRARI'),('F430','FERRARI'),('F460','FERRARI'),('GTA','FERRARI'),('1100','FIAT'),('124','FIAT'),('124 SPIDER','FIAT'),('131','FIAT'),('500','FIAT'),('500 ABARTH','FIAT'),('500C','FIAT'),('500L','FIAT'),('500X','FIAT'),('600','FIAT'),('ALBEA','FIAT'),('BRAVA','FIAT'),('BRAVO','FIAT'),('CITY (BRASIL)','FIAT'),('DUCATO','FIAT'),('DUNA (BRASIL)','FIAT'),('ELBA (BRASIL)','FIAT'),('FIORNO (BRASIL)','FIAT'),('GRANDE PUNTO','FIAT'),('IDEA ADVENTURE','FIAT'),('LINEA','FIAT'),('MOBI','FIAT'),('OGGI (BRASIL)','FIAT'),('PALIO 1.8R','FIAT'),('PALIO ADVENTURE','FIAT'),('PALIO HATCHBACK','FIAT'),('SEDAN','FIAT'),('PANDA','FIAT'),('PANORAMA (BRASIL)','FIAT'),('PREMIO (BRASIL)','FIAT'),('SPAZIO (BRASIL)','FIAT'),('SPIDER','FIAT'),('STILO SCHUMACHER','FIAT'),('STRADA ADVENTURE','FIAT'),('UNO','FIAT'),('UNO (BRASIL)','FIAT'),('KARMA','FISKER'),('AEROSTAR','FORD'),('ASPIRE','FORD'),('B150','FORD'),('B200','FORD'),('B800','FORD'),('BRONCO','FORD'),('BRONCO II','FORD'),('CLUB WAGON','FORD'),('C-MAX','FORD'),('COUNTOUR','FORD'),('CORTINA','FORD'),('COUNTRY SEDAN','FORD'),('COUNTRY SQUIRE','FORD'),('COURIER','FORD'),('CROWN VICTORIA','FORD'),('CUSTOM','FORD'),('E-100 ECONOLINE','FORD'),('E-100 ECONOLINE CLUB WAGON','FORD'),('E-150','FORD'),('E-150 CLUB WAGON','FORD'),('E-150 ECONOLINE','FORD'),('E-150 ECONOLINE CLUB WAGON','FORD'),('E-200 ECONOLINE','FORD'),('E-250','FORD'),('E-250 ECONOLINE','FORD'),('E-250 ECONOLINE CLUB WAGON','FORD'),('E-300 ECONOLINE','FORD'),('E-350','FORD'),('E-350 CLUB WAGON','FORD'),('E-350 ECONOLINE','FORD'),('E-350 ECONOLINE CLUB WAGON','FORD'),('E-350 SUPER DUTY','FORD'),('E-450 ECONOLINE SUPER DUTY STRIPPED','FORD'),('ECONOLINE','FORD'),('ECOSPORT','FORD'),('EDGE','FORD'),('ELITE','FORD'),('ESCAPE','FORD'),('ESCAPE HYBRID','FORD'),('ESCORT','FORD'),('EXCURSION','FORD'),('EXP','FORD'),('EXPEDITION','FORD'),('EXPLORER','FORD'),('EXPLORER SPORT','FORD'),('EXPLORER SPORT TRAC','FORD'),('F1','FORD'),('F-100','FORD'),('F-150','FORD'),('F-150 HERITAGE','FORD'),('F2','FORD'),('F-250','FORD'),('F-250 HD','FORD'),('F-250 SUPER DUTY','FORD'),('F3','FORD'),('F-350','FORD'),('F-350 SUPER DUTY','FORD'),('F4','FORD'),('F-450','FORD'),('F-500','FORD'),('F53','FORD'),('F-550','FORD'),('F59 STRIPPED CHASSIS','FORD'),('FAIRLANE','FORD'),('FAIRMONT','FORD'),('FALCON','FORD'),('FESTIVA','FORD'),('FIESTA','FORD'),('FIGO','FORD'),('FIVE HUNDRED','FORD'),('FLEX','FORD'),('FOCUS','FORD'),('FORD 250','FORD'),('FORD 300','FORD'),('FORD 350','FORD'),('FREESTAR','FORD'),('FREESTYLE','FORD'),('FUSION','FORD'),('FUSION HYBRID','FORD'),('FUTURA','FORD'),('GALAXIE','FORD'),('GHIA','FORD'),('GRAN TORINO','FORD'),('GRANADA','FORD'),('GRAND MARQUIS','FORD'),('GT','FORD'),('IKON','FORD'),('KA','FORD'),('LOBO','FORD'),('LTD','FORD'),('M-400','FORD'),('M-450','FORD'),('MARAUDER','FORD'),('MAVERICK','FORD'),('MONDEO','FORD'),('MUSTANG','FORD'),('P SERIES','FORD'),('P-350','FORD'),('PINTO','FORD'),('POLICE INTERCEPTOR SEDAN','FORD'),('POLICE INTERCEPTOR UTILITY','FORD'),('PROBE','FORD'),('RANCH WAGON','FORD'),('RANCHERO','FORD'),('RANGER','FORD'),('SPRINT','FORD'),('SUNLINER','FORD'),('TAURUS','FORD'),('TAURUS X','FORD'),('TEMPO','FORD'),('THUNDERBIRD','FORD'),('TOPAZ','FORD'),('TORINO','FORD'),('TRANSIT','FORD'),('TRANSIT 150','FORD'),('TRANSIT 250','FORD'),('TRANSIT 350','FORD'),('TRANSIT 350 HD','FORD'),('TRANSIT CONNECT','FORD'),('VICTORIA','FORD'),('WINDSTAR','FORD'),('AUMARK','FOTON'),('ONL 3500','FOTON'),('ONL 4500','FOTON'),('ONL 5500','FOTON'),('SPRINTER','FREIGHTLINER'),('G80','GENESIS'),('G90','GENESIS'),('METRO','GEO'),('PRIZM','GEO'),('SPECTRUM','GEO'),('STORM','GEO'),('SUNFIRE (CANADA)','GEO'),('TRACKER','GEO'),('GF-3600','GIANT'),('GF-6000','GIANT'),('GF-900','GIANT'),('1000 SERIES','GMC'),('1500 SERIES','GMC'),('2500 SERIES','GMC'),('ARCADIA','GMC'),('C SERIES','GMC'),('CABALLERO','GMC'),('CANYON','GMC'),('ENVOY','GMC'),('G SERIES','GMC'),('JIMMY','GMC'),('K SERIES','GMC'),('P SERIES','GMC'),('SAFARI','GMC'),('SAVANA','GMC'),('SAVANA 1500','GMC'),('SAVANA 2500','GMC'),('SAVANA 3500','GMC'),('SAVANA 4500','GMC'),('SIERRA','GMC'),('SIERRA 1500','GMC'),('SIERRA 2500','GMC'),('SIERRA 3500','GMC'),('SIERRA HYBRID','GMC'),('SONOMA','GMC'),('SPRINT','GMC'),('SYCLONE','GMC'),('TERRAIN','GMC'),('TRACKER','GMC'),('TYPHOON','GMC'),('YUKON','GMC'),('YUKON HYBRID','GMC'),('ACCORD','HONDA'),('ACCORD CROSSTOUR','HONDA'),('ACCORD HYBRID','HONDA'),('CITY','HONDA'),('CIVIC','HONDA'),('CIVIC HYBRID','HONDA'),('CLARITY','HONDA'),('CROSSTOUR','HONDA'),('CR-V','HONDA'),('CRX','HONDA'),('CR-Z','HONDA'),('DEL SOL','HONDA'),('ELEMENT','HONDA'),('EX-R','HONDA'),('FIT','HONDA'),('HR-V','HONDA'),('INSIGHT','HONDA'),('ODYSSEY','HONDA'),('PASSPORT','HONDA'),('PILOT','HONDA'),('PRELUDE','HONDA'),('RIDGELINE','HONDA'),('S2000','HONDA'),('WAGOVAN','HONDA'),('H1 ALPHA','HUMMER'),('H2','HUMMER'),('H3','HUMMER'),('ACCENT','HYUNDAI'),('AZERA','HYUNDAI'),('CRETA','HYUNDAI'),('CX','HYUNDAI'),('CXL','HYUNDAI'),('DELUXE','HYUNDAI'),('ELANTRA','HYUNDAI'),('ENTOURAGE','HYUNDAI'),('EQUUS','HYUNDAI'),('EXCEL','HYUNDAI'),('GENESIS','HYUNDAI'),('GETZ','HYUNDAI'),('GL','HYUNDAI'),('GRAND I10','HYUNDAI'),('I10','HYUNDAI'),('IONIQ','HYUNDAI'),('IX35','HYUNDAI'),('KONA','HYUNDAI'),('PONY','HYUNDAI'),('SANTA FE','HYUNDAI'),('SCOUPE','HYUNDAI'),('SONATA','HYUNDAI'),('SONATA HYBRID','HYUNDAI'),('STELLAR','HYUNDAI'),('TIBURON','HYUNDAI'),('TUCSON','HYUNDAI'),('VELOSTER','HYUNDAI'),('VERACRUZ','HYUNDAI'),('XG300','HYUNDAI'),('XG350','HYUNDAI'),('1000 SERIES','IHC'),('1000D','IHC'),('1010','IHC'),('1100 SERIES','IHC'),('1100D','IHC'),('1110','IHC'),('1200 SERIES','IHC'),('1200D','IHC'),('1210','IHC'),('1300 SERIES','IHC'),('1300D','IHC'),('1310','IHC'),('908B','IHC'),('908C','IHC'),('DM10','IHC'),('M SERIES','IHC'),('M1100','IHC'),('M1200','IHC'),('M800','IHC'),('MA1200','IHC'),('MHC1310','IHC'),('MS1210','IHC'),('PICKUPS','IHC'),('SCOUT','IHC'),('EX35','INFINITI'),('EX37','INFINITI'),('FX35','INFINITI'),('FX37','INFINITI'),('FX45','INFINITI'),('FX50','INFINITI'),('G20','INFINITI'),('G25','INFINITI'),('G35','INFINITI'),('G37','INFINITI'),('I30','INFINITI'),('I35','INFINITI'),('IPL G','INFINITI'),('J30','INFINITI'),('JX35','INFINITI'),('M30','INFINITI'),('M35','INFINITI'),('M35H','INFINITI'),('M37','INFINITI'),('M45','INFINITI'),('M56','INFINITI'),('Q30','INFINITI'),('Q40','INFINITI'),('Q45','INFINITI'),('Q50','INFINITI'),('Q60','INFINITI'),('Q70','INFINITI'),('Q70l','INFINITI'),('QX30','INFINITI'),('QX4','INFINITI'),('QX50','INFINITI'),('QX56','INFINITI'),('QX60','INFINITI'),('QX70','INFINITI'),('QX80','INFINITI'),('AMIGO','ISUZU'),('ASCENDER','ISUZU'),('AXIOM','ISUZU'),('HOMBRE','ISUZU'),('I-280','ISUZU'),('I-290','ISUZU'),('I-350','ISUZU'),('I-370','ISUZU'),('I-MARK','ISUZU'),('IMPULSE','ISUZU'),('OASIS','ISUZU'),('PICKUPS','ISUZU'),('RODEO','ISUZU'),('STYLUS','ISUZU'),('TROOPER','ISUZU'),('VEHICROSS','ISUZU'),('E-PACE','JAGUAR'),('F-PACE','JAGUAR'),('F-TYPE','JAGUAR'),('MARK II','JAGUAR'),('MARK X','JAGUAR'),('P6','JAGUAR'),('SOVEREIGN','JAGUAR'),('S-TYPE','JAGUAR'),('VANDEN PLAS','JAGUAR'),('XE','JAGUAR'),('XF','JAGUAR'),('XFR','JAGUAR'),('XJ HYBRID','JAGUAR'),('XJ SERIES','JAGUAR'),('XK SERIES','JAGUAR'),('X-TYPE','JAGUAR'),('CHEROKEE','JEEP'),('CJ SERIES','JEEP'),('COMANCHE','JEEP'),('COMMANDER','JEEP'),('COMPASS','JEEP'),('EAGLE','JEEP'),('GRAND CHEROKEE','JEEP'),('GRAND WAGONEER','JEEP'),('J SERIES','JEEP'),('JK','JEEP'),('LIBERTY','JEEP'),('LJ','JEEP'),('PATRIOT','JEEP'),('RENEGADE','JEEP'),('RUBICON','JEEP'),('SCAMBLER','JEEP'),('TJ','JEEP'),('WAGONEER','JEEP'),('WRANGLER','JEEP'),('YJ','JEEP'),('HEALEY','JENSEN'),('INTERCEPTOR','JENSEN'),('AMANTI','KIA'),('BORREGO','KIA'),('CADENZA','KIA'),('FORTE','KIA'),('FORTE KOUP','KIA'),('FORTE5','KIA'),('K900','KIA'),('MAGENTIS (CANADA)','KIA'),('NIRO','KIA'),('OPTIMA','KIA'),('RIO','KIA'),('RIO5','KIA'),('RONDO','KIA'),('RX-V','KIA'),('SEDONA','KIA'),('SEPHIA','KIA'),('SORENTO','KIA'),('SOUL','KIA'),('SPECTRA','KIA'),('SPECTRA5','KIA'),('SPORTAGE','KIA'),('STINGER','KIA'),('1300','LADA'),('CROSSACK','LADA'),('NIVA','LADA'),('SAMARA','LADA'),('SEDAN','LADA'),('SIGNET','LADA'),('SIGNET WAGON','LADA'),('AVENTADOR','LAMBORGHINI'),('GALLARDO','LAMBORGHINI'),('MURCIELAGO','LAMBORGHINI'),('BETA','LANCIA'),('SCORPION','LANCIA'),('ZAGATO','LANCIA'),('DISCOVERY','LAND ROVER'),('FREELANDER','LAND ROVER'),('LR2','LAND ROVER'),('LR3','LAND ROVER'),('LR4','LAND ROVER'),('RANGE ROVER','LAND ROVER'),('RANGE ROVER EVOQUE','LAND ROVER'),('CT200H','LEXUS'),('ES250','LEXUS'),('ES300','LEXUS'),('ES300H','LEXUS'),('ES330','LEXUS'),('ES350','LEXUS'),('GS F','LEXUS'),('GS TURBO','LEXUS'),('GS200T','LEXUS'),('GS300','LEXUS'),('GS350','LEXUS'),('GS430','LEXUS'),('GS450H','LEXUS'),('GS460','LEXUS'),('GX460','LEXUS'),('GX470','LEXUS'),('HS250H','LEXUS'),('IS200T','LEXUS'),('IS250','LEXUS'),('IS300','LEXUS'),('IS350','LEXUS'),('IS-F','LEXUS'),('LC500','LEXUS'),('LC500H','LEXUS'),('LF-A','LEXUS'),('LS460','LEXUS'),('LS500','LEXUS'),('LS500H','LEXUS'),('LS600H','LEXUS'),('LX470','LEXUS'),('LX570','LEXUS'),('NX200T','LEXUS'),('NX300','LEXUS'),('NX300H','LEXUS'),('RC F','LEXUS'),('RC200T','LEXUS'),('RC300','LEXUS'),('RC350','LEXUS'),('RX300','LEXUS'),('RX330','LEXUS'),('RX350','LEXUS'),('RX350L','LEXUS'),('RX400H','LEXUS'),('RX450H','LEXUS'),('RX450HL','LEXUS'),('SC300','LEXUS'),('SC400','LEXUS'),('SC430','LEXUS'),('AVIATOR','LINCOLN'),('BLACKWOOD','LINCOLN'),('CONTINENTAL','LINCOLN'),('LS','LINCOLN'),('MARK III','LINCOLN'),('MARK IV','LINCOLN'),('MARK LT','LINCOLN'),('MARK V','LINCOLN'),('MARK VI','LINCOLN'),('MARK VII','LINCOLN'),('MARK VIII','LINCOLN'),('MKC','LINCOLN'),('MKS','LINCOLN'),('MKT','LINCOLN'),('MKX','LINCOLN'),('MKZ','LINCOLN'),('NAVIGATOR','LINCOLN'),('TOWN CAR','LINCOLN'),('VERSAILLES','LINCOLN'),('ZEPHYR','LINCOLN'),('ELISE','LOTUS'),('EUROPA','LOTUS'),('EUROPA TWIN','LOTUS'),('EXIGE','LOTUS'),('M. G. A.','M. G.'),('MAGNETTE','M. G.'),('MINI 75 CONNOISSEUR','M. G.'),('TF','M. G.'),('ZT','M. G.'),('ZT160','M. G.'),('ZT180','M. G.'),('ZT190','M. G.'),('ZT-T','M. G.'),('228 COUPE','MASERATI'),('425','MASERATI'),('430 SEDAN','MASERATI'),('GRAN SPORT','MASERATI'),('GRANTURISMO','MASERATI'),('QUATTRPORTE','MASERATI'),('SPYDER','MASERATI'),('57','MAYBACH'),('62','MAYBACH'),('LANDAULET','MAYBACH'),('1200','MAZDA'),('1800','MAZDA'),('323','MAZDA'),('616','MAZDA'),('618','MAZDA'),('626','MAZDA'),('626-4','MAZDA'),('808','MAZDA'),('929','MAZDA'),('B110','MAZDA'),('B-1600','MAZDA'),('B-1800','MAZDA'),('B-2000','MAZDA'),('B-2200','MAZDA'),('B-2300','MAZDA'),('B-2500','MAZDA'),('B-2600','MAZDA'),('B-3000','MAZDA'),('B-4000','MAZDA'),('COSMO','MAZDA'),('CX-3','MAZDA'),('CX-5','MAZDA'),('CX-7','MAZDA'),('CX-9','MAZDA'),('DX','MAZDA'),('GLC','MAZDA'),('MAZDA 2','MAZDA'),('MAZDA 3','MAZDA'),('MAZDA 5','MAZDA'),('MAZDA 6','MAZDA'),('MAZDASPEED','MAZDA'),('MAZDASPEED3','MAZDA'),('MIATA','MAZDA'),('MILLENIA','MAZDA'),('MIZER','MAZDA'),('MPV','MAZDA'),('MX-3','MAZDA'),('MX-5','MAZDA'),('MX-6','MAZDA'),('NAVAJO','MAZDA'),('PROTEGE','MAZDA'),('R100','MAZDA'),('R1200','MAZDA'),('RX-2','MAZDA'),('RX-3','MAZDA'),('RX-4','MAZDA'),('RX-7','MAZDA'),('RX-8','MAZDA'),('TRIBUTE','MAZDA'),('180D','MERCEDES BENZ'),('190DB','MERCEDES BENZ'),('190DC','MERCEDES BENZ'),('190E','MERCEDES BENZ'),('200D','MERCEDES BENZ'),('220','MERCEDES BENZ'),('220D','MERCEDES BENZ'),('220SE','MERCEDES BENZ'),('230','MERCEDES BENZ'),('230SL','MERCEDES BENZ'),('240D','MERCEDES BENZ'),('250','MERCEDES BENZ'),('250C','MERCEDES BENZ'),('250SE','MERCEDES BENZ'),('250SL','MERCEDES BENZ'),('260E','MERCEDES BENZ'),('280','MERCEDES BENZ'),('280C','MERCEDES BENZ'),('280CE','MERCEDES BENZ'),('280E','MERCEDES BENZ'),('280S','MERCEDES BENZ'),('280SE','MERCEDES BENZ'),('280SEL','MERCEDES BENZ'),('280SL','MERCEDES BENZ'),('300','MERCEDES BENZ'),('300CD','MERCEDES BENZ'),('300CE','MERCEDES BENZ'),('300D','MERCEDES BENZ'),('300DT','MERCEDES BENZ'),('300E','MERCEDES BENZ'),('300SD','MERCEDES BENZ'),('300SDL','MERCEDES BENZ'),('300SE','MERCEDES BENZ'),('300SEL','MERCEDES BENZ'),('300TD','MERCEDES BENZ'),('300TDT','MERCEDES BENZ'),('300TE','MERCEDES BENZ'),('350SL','MERCEDES BENZ'),('380','MERCEDES BENZ'),('380SE','MERCEDES BENZ'),('380SEC','MERCEDES BENZ'),('380SEL','MERCEDES BENZ'),('380SL','MERCEDES BENZ'),('380SLC','MERCEDES BENZ'),('400E','MERCEDES BENZ'),('420SEL','MERCEDES BENZ'),('450','MERCEDES BENZ'),('450SE','MERCEDES BENZ'),('450SEL','MERCEDES BENZ'),('450SL','MERCEDES BENZ'),('450SLC','MERCEDES BENZ'),('500SEC','MERCEDES BENZ'),('500SEL','MERCEDES BENZ'),('560SEC','MERCEDES BENZ'),('560SEL','MERCEDES BENZ'),('560SL','MERCEDES BENZ'),('600','MERCEDES BENZ'),('AMG GT','MERCEDES BENZ'),('AMG GT C','MERCEDES BENZ'),('AMG GT R','MERCEDES BENZ'),('AMG GT S','MERCEDES BENZ'),('B250','MERCEDES BENZ'),('C250','MERCEDES BENZ'),('C300','MERCEDES BENZ'),('C350E','MERCEDES BENZ'),('C43 AMG','MERCEDES BENZ'),('C450 AMG','MERCEDES BENZ'),('C63 AMG','MERCEDES BENZ'),('C63 AMG S','MERCEDES BENZ'),('CLA200','MERCEDES BENZ'),('CLA250','MERCEDES BENZ'),('CLA45 AMG','MERCEDES BENZ'),('CLASE A','MERCEDES BENZ'),('CLASE B','MERCEDES BENZ'),('CLASE C','MERCEDES BENZ'),('CLASE CL','MERCEDES BENZ'),('CLASE CLA','MERCEDES BENZ'),('CLASE CLK','MERCEDES BENZ'),('CLASE CLS','MERCEDES BENZ'),('CLASE E','MERCEDES BENZ'),('CLASE G','MERCEDES BENZ'),('CLASE GL','MERCEDES BENZ'),('CLASE GLA','MERCEDES BENZ'),('CLASE GLC','MERCEDES BENZ'),('CLASE GLE','MERCEDES BENZ'),('CLASE GLK','MERCEDES BENZ'),('CLASE ML','MERCEDES BENZ'),('CLASE R','MERCEDES BENZ'),('CLASE S','MERCEDES BENZ'),('CLASE SL','MERCEDES BENZ'),('CLASE SLK','MERCEDES BENZ'),('CLASE SLR','MERCEDES BENZ'),('CLASE SLS','MERCEDES BENZ'),('CLS400','MERCEDES BENZ'),('CLS500','MERCEDES BENZ'),('CLS550','MERCEDES BENZ'),('CLS63 AMG S','MERCEDES BENZ'),('E250','MERCEDES BENZ'),('E300','MERCEDES BENZ'),('E350','MERCEDES BENZ'),('E400','MERCEDES BENZ'),('E43 AMG','MERCEDES BENZ'),('E550','MERCEDES BENZ'),('E63 AMG','MERCEDES BENZ'),('E63 AMG S','MERCEDES BENZ'),('G550','MERCEDES BENZ'),('G63 AMG','MERCEDES BENZ'),('G65 AMG','MERCEDES BENZ'),('GL350','MERCEDES BENZ'),('GL450','MERCEDES BENZ'),('GL550','MERCEDES BENZ'),('GL63 AMG','MERCEDES BENZ'),('GLA200','MERCEDES BENZ'),('GLA250','MERCEDES BENZ'),('GLA45 AMG','MERCEDES BENZ'),('GLC300','MERCEDES BENZ'),('GLC350E','MERCEDES BENZ'),('GLC43 AMG','MERCEDES BENZ'),('GLC63','MERCEDES BENZ'),('GLC63 S','MERCEDES BENZ'),('GLE300D','MERCEDES BENZ'),('GLE350','MERCEDES BENZ'),('GLE350D','MERCEDES BENZ'),('GLE400','MERCEDES BENZ'),('GLE43 AMG','MERCEDES BENZ'),('GLE450 AMG','MERCEDES BENZ'),('GLE550','MERCEDES BENZ'),('GLE550E','MERCEDES BENZ'),('GLE63 AMG S','MERCEDES BENZ'),('GLS350D','MERCEDES BENZ'),('GLS450','MERCEDES BENZ'),('GLS550','MERCEDES BENZ'),('GLS63 AMG','MERCEDES BENZ'),('MAYBACH S550','MERCEDES BENZ'),('MAYBACH S560','MERCEDES BENZ'),('MAYBACH S600','MERCEDES BENZ'),('MAYBACH S650','MERCEDES BENZ'),('METRIS','MERCEDES BENZ'),('S450','MERCEDES BENZ'),('S550','MERCEDES BENZ'),('S550E','MERCEDES BENZ'),('S560','MERCEDES BENZ'),('S600','MERCEDES BENZ'),('S63 AMG','MERCEDES BENZ'),('S65 AMG','MERCEDES BENZ'),('SL400','MERCEDES BENZ'),('SL450','MERCEDES BENZ'),('SL550','MERCEDES BENZ'),('SL63 AMG','MERCEDES BENZ'),('SL65 AMG','MERCEDES BENZ'),('SLC300','MERCEDES BENZ'),('SLC43 AMG','MERCEDES BENZ'),('SLK300','MERCEDES BENZ'),('SLK350','MERCEDES BENZ'),('SLK55 AMG','MERCEDES BENZ'),('SPRINTER','MERCEDES BENZ'),('SPRINTER 2500','MERCEDES BENZ'),('SPRINTER 3500','MERCEDES BENZ'),('VITO','MERCEDES BENZ'),('BOBCAT','MERCURY'),('BREEZEWAY','MERCURY'),('BROUGHAM','MERCURY'),('CALIENTE','MERCURY'),('CAPRI','MERCURY'),('COLONY PARK','MERCURY'),('COMET','MERCURY'),('COMMUTER','MERCURY'),('COUGAR','MERCURY'),('COUNTRY CRUISER','MERCURY'),('CYCLONE','MERCURY'),('GRAND MARQUIS','MERCURY'),('LN7','MERCURY'),('LYNX','MERCURY'),('MARAUDER','MERCURY'),('MARINER','MERCURY'),('MARQUIS','MERCURY'),('METEOR','MERCURY'),('MILAN','MERCURY'),('MONARCH','MERCURY'),('MONTCLAIR','MERCURY'),('MONTEGO','MERCURY'),('MONTEREY','MERCURY'),('MOUNTAINEER','MERCURY'),('MYSTIQUE','MERCURY'),('PARK LANE','MERCURY'),('S-55','MERCURY'),('SABLE','MERCURY'),('TOPAZ','MERCURY'),('TRACER','MERCURY'),('VILLAGER','MERCURY'),('ZEPHYR','MERCURY'),('MONTCALM','METEOR'),('RIDEAU','METEOR'),('CLUBMAN','MINI'),('COOPER','MINI'),('COOPER S','MINI'),('COUNTRYMAN','MINI'),('PACEMAN','MINI'),('3000','MITSUBISHI'),('ASX','MITSUBISHI'),('CORDIA','MITSUBISHI'),('DIAMANTE','MITSUBISHI'),('ECLIPSE','MITSUBISHI'),('ECLIPSE CROSS','MITSUBISHI'),('ENDEAVOR','MITSUBISHI'),('EXPO','MITSUBISHI'),('GALANT','MITSUBISHI'),('GRANDIS','MITSUBISHI'),('L200','MITSUBISHI'),('LANCER','MITSUBISHI'),('MIGHTY MAX','MITSUBISHI'),('MIRAGE','MITSUBISHI'),('MIRAGE G4','MITSUBISHI'),('MONTERO','MITSUBISHI'),('MONTERO SPORT','MITSUBISHI'),('OUTLANDER','MITSUBISHI'),('OUTLANDER PHEV','MITSUBISHI'),('OUTLANDER SPORT','MITSUBISHI'),('PICKUP','MITSUBISHI'),('PRECIS','MITSUBISHI'),('RAIDER','MITSUBISHI'),('RVR','MITSUBISHI'),('SIGMA','MITSUBISHI'),('SPACE STAR','MITSUBISHI'),('STARION','MITSUBISHI'),('TREDIA','MITSUBISHI'),('VANWAGON','MITSUBISHI'),('1200','NISSAN'),('1600','NISSAN'),('2000','NISSAN'),('200SX','NISSAN'),('210','NISSAN'),('240SX','NISSAN'),('240Z','NISSAN'),('260Z','NISSAN'),('280Z','NISSAN'),('280ZX','NISSAN'),('300ZX','NISSAN'),('310','NISSAN'),('350Z','NISSAN'),('370Z','NISSAN'),('410','NISSAN'),('411','NISSAN'),('510','NISSAN'),('520','NISSAN'),('521','NISSAN'),('610','NISSAN'),('620','NISSAN'),('710','NISSAN'),('720','NISSAN'),('810','NISSAN'),('819','NISSAN'),('910','NISSAN'),('ALMERA','NISSAN'),('ALTIMA','NISSAN'),('APRIO','NISSAN'),('ARMADA','NISSAN'),('B110','NISSAN'),('B210','NISSAN'),('CABSTAR','NISSAN'),('CLASSIC','NISSAN'),('CUBE','NISSAN'),('D22 (FRONTIER)','NISSAN'),('DATSUN SEDAN','NISSAN'),('DATSUN VAGONETA','NISSAN'),('F10','NISSAN'),('FRONTIER','NISSAN'),('GT-R','NISSAN'),('GUAYIN','NISSAN'),('HIKARI','NISSAN'),('ICHI VAN','NISSAN'),('JUKE','NISSAN'),('KICKS','NISSAN'),('LEAF','NISSAN'),('LUCINO','NISSAN'),('MARCH','NISSAN'),('MAXIMA','NISSAN'),('MICRA','NISSAN'),('MULTI','NISSAN'),('MURANO','NISSAN'),('NINJA','NISSAN'),('NOTE','NISSAN'),('NP300','NISSAN'),('NV1500','NISSAN'),('NV200','NISSAN'),('NV2500','NISSAN'),('NV350 URVAN','NISSAN'),('NV3500','NISSAN'),('NX1600','NISSAN'),('NX2000','NISSAN'),('PATHFINDER','NISSAN'),('PICKUP','NISSAN'),('PL510','NISSAN'),('PLATINA','NISSAN'),('PULSAR','NISSAN'),('QASHQAI','NISSAN'),('QUEST','NISSAN'),('ROGUE','NISSAN'),('ROGUE SELECT','NISSAN'),('ROGUE SPORT','NISSAN'),('SAKURA','NISSAN'),('SAMURAI','NISSAN'),('SEDAN','NISSAN'),('SENTRA','NISSAN'),('SPL311','NISSAN'),('SRL311','NISSAN'),('STANZA','NISSAN'),('TIDA','NISSAN'),('TITAN','NISSAN'),('TITAN XD','NISSAN'),('TSUBAME','NISSAN'),('TSURU','NISSAN'),('TSURU (SENTRA USA)','NISSAN'),('URVAN','NISSAN'),('VERSA','NISSAN'),('VERSA NOTE','NISSAN'),('X-TERRA','NISSAN'),('X-TRAIL','NISSAN'),('442','OLDSMOBILE'),('ACHIEVA','OLDSMOBILE'),('ALERO','OLDSMOBILE'),('AURORA','OLDSMOBILE'),('BRAVADA','OLDSMOBILE'),('CALAIS','OLDSMOBILE'),('CIERA','OLDSMOBILE'),('CRUSIER WAGON','OLDSMOBILE'),('CUSTOM CRUSIER','OLDSMOBILE'),('CUTLASS','OLDSMOBILE'),('CUTLASS CALAIS','OLDSMOBILE'),('CUTLASS CIERA','OLDSMOBILE'),('CUTLASS SUPREME','OLDSMOBILE'),('DELMONT 88','OLDSMOBILE'),('DELTA 88','OLDSMOBILE'),('DYNAMIC','OLDSMOBILE'),('EIGHT EIGHT (88)','OLDSMOBILE'),('F85','OLDSMOBILE'),('FIESTA','OLDSMOBILE'),('FIRENZA','OLDSMOBILE'),('INTRIGUE','OLDSMOBILE'),('JETFIRE','OLDSMOBILE'),('JETSTAR','OLDSMOBILE'),('NINETY-EIGHT','OLDSMOBILE'),('OMEGA','OLDSMOBILE'),('SILHOUETTE','OLDSMOBILE'),('STARFIRE','OLDSMOBILE'),('SUPER 88','OLDSMOBILE'),('TORONADO','OLDSMOBILE'),('VISTA CRUISER','OLDSMOBILE'),('KADETT','OPEL'),('AIV ROADSTER','PANOZ'),('ESPERANTE','PANOZ'),('I-MARK','PASSPORT'),('OPTIMA','PASSPORT'),('PICKUP','PASSPORT'),('TROOPER II','PASSPORT'),('2008','PEUGEOT'),('206','PEUGEOT'),('207','PEUGEOT'),('208','PEUGEOT'),('3008','PEUGEOT'),('301','PEUGEOT'),('306','PEUGEOT'),('307','PEUGEOT'),('308','PEUGEOT'),('403','PEUGEOT'),('404','PEUGEOT'),('405','PEUGEOT'),('406','PEUGEOT'),('407','PEUGEOT'),('504','PEUGEOT'),('505','PEUGEOT'),('508','PEUGEOT'),('604','PEUGEOT'),('607','PEUGEOT'),('EXPERT','PEUGEOT'),('GRAND RAID','PEUGEOT'),('MANAGER','PEUGEOT'),('PARTNER','PEUGEOT'),('RCZ','PEUGEOT'),('ACCLAIM','PLYMOUTH'),('ARROW','PLYMOUTH'),('BARRACUDA','PLYMOUTH'),('BELVEDERE','PLYMOUTH'),('BREEZE','PLYMOUTH'),('CARAVELLE','PLYMOUTH'),('CHAMP','PLYMOUTH'),('COLT','PLYMOUTH'),('CONQUEST','PLYMOUTH'),('DUSTER','PLYMOUTH'),('FURY','PLYMOUTH'),('GRAN FURY','PLYMOUTH'),('GTX','PLYMOUTH'),('HORIZON','PLYMOUTH'),('LASER','PLYMOUTH'),('NEON','PLYMOUTH'),('PLAZA','PLYMOUTH'),('PROWLER','PLYMOUTH'),('RELIANT','PLYMOUTH'),('ROADRUNNER','PLYMOUTH'),('SAPPORO','PLYMOUTH'),('SATELLITE','PLYMOUTH'),('SAVOY','PLYMOUTH'),('SCAMP','PLYMOUTH'),('SUNDANCE','PLYMOUTH'),('SUPERBIRD','PLYMOUTH'),('TRAILDUSTER','PLYMOUTH'),('TURISMO','PLYMOUTH'),('VALIANT','PLYMOUTH'),('VOLARE','PLYMOUTH'),('VOYAGER','PLYMOUTH'),('2000','PONTIAC'),('2000 SUNBIRD','PONTIAC'),('6000','PONTIAC'),('ACADIAN','PONTIAC'),('ASTRE','PONTIAC'),('ASUNA (CANADA)','PONTIAC'),('ASUNA SUNFIRE','PONTIAC'),('ASUNA SUNRUNNER (CANADA)','PONTIAC'),('AZTEK','PONTIAC'),('BONNEVILLE','PONTIAC'),('CATALINA','PONTIAC'),('EXECUTIVE','PONTIAC'),('FIERO','PONTIAC'),('FIREBIRD','PONTIAC'),('FIREBIRD TRANS AM','PONTIAC'),('FIREFLY','PONTIAC'),('G-3','PONTIAC'),('G-4','PONTIAC'),('G-5','PONTIAC'),('G-6','PONTIAC'),('G-8','PONTIAC'),('GRAND AM','PONTIAC'),('GRAND LEMANS','PONTIAC'),('GRAND PRIX','PONTIAC'),('GRAND PRIX SJ','PONTIAC'),('GRAND SAFARI','PONTIAC'),('GRANDVILLE','PONTIAC'),('GTO','PONTIAC'),('LAURENTIAN','PONTIAC'),('LEMANS','PONTIAC'),('MATIZ','PONTIAC'),('MATIZ G2','PONTIAC'),('MONTANA','PONTIAC'),('PARISIENNE','PONTIAC'),('PHOENIX','PONTIAC'),('PURSUIT','PONTIAC'),('SAFARI','PONTIAC'),('SE/GT (CANADA)','PONTIAC'),('SOLSTICE','PONTIAC'),('STAR CHIEF','PONTIAC'),('SUNBIRD','PONTIAC'),('SUNBURST','PONTIAC'),('SUNFIRE','PONTIAC'),('SV-6','PONTIAC'),('T1000','PONTIAC'),('TEMPEST','PONTIAC'),('TORRENT','PONTIAC'),('TRANS AM','PONTIAC'),('TRANS SPORT','PONTIAC'),('VENTURA','PONTIAC'),('VIBE','PONTIAC'),('WAVE','PONTIAC'),('356A','PORSCHE'),('356C','PORSCHE'),('901','PORSCHE'),('911','PORSCHE'),('912','PORSCHE'),('918 SPYDER','PORSCHE'),('924','PORSCHE'),('928','PORSCHE'),('930','PORSCHE'),('BOXTER','PORSCHE'),('BOXTER S','PORSCHE'),('CAYENNE','PORSCHE'),('CAYMAN','PORSCHE'),('GT904','PORSCHE'),('MACAN','PORSCHE'),('PANAMERA','PORSCHE'),('TURBO 996','PORSCHE'),('TURBO S996','PORSCHE'),('1500','RAM'),('2500','RAM'),('3500','RAM'),('4000','RAM'),('4500','RAM'),('5500','RAM'),('700','RAM'),('C/V','RAM'),('CARGO VAN','RAM'),('DAKOTA','RAM'),('PROMASTER 1500','RAM'),('PROMASTER 2500','RAM'),('PROMASTER 3500','RAM'),('PROMASTER CITY','RAM'),('18I','RENAULT'),('ALLIANCE','RENAULT'),('CAPTUR','RENAULT'),('CARAVELLE','RENAULT'),('CLIO','RENAULT'),('DAUPHINE','RENAULT'),('DINALPIN','RENAULT'),('DOMAINE','RENAULT'),('DUSTER','RENAULT'),('ENCORE','RENAULT'),('ESTAFETTE','RENAULT'),('EURO CLIO','RENAULT'),('FLUENCE','RENAULT'),('FUEGO','RENAULT'),('GORDINI','RENAULT'),('KANGOO','RENAULT'),('KOLEOS','RENAULT'),('LAGUNA','RENAULT'),('LATITUDE','RENAULT'),('LOGAN','RENAULT'),('MEGANE','RENAULT'),('R-10','RENAULT'),('R-12','RENAULT'),('R-15','RENAULT'),('R-16','RENAULT'),('R-17 GORDINI','RENAULT'),('R-18','RENAULT'),('R-4','RENAULT'),('R-5','RENAULT'),('R-8','RENAULT'),('SAFRANE','RENAULT'),('SANDERO','RENAULT'),('SCALA','RENAULT'),('SCENIC','RENAULT'),('STEPWAY','RENAULT'),('TRAFIC','RENAULT'),('GHOST','ROLLS ROYCE'),('PARK WARD','ROLLS ROYCE'),('PHANTOM','ROLLS ROYCE'),('SILVER SERAPH','ROLLS ROYCE'),('WRAITH','ROLLS ROYCE'),('900','SAAB'),('9000','SAAB'),('900S','SAAB'),('900SE','SAAB'),('9-2X','SAAB'),('9-3','SAAB'),('9-4X','SAAB'),('95','SAAB'),('9-5','SAAB'),('96','SAAB'),('9-7X','SAAB'),('99','SAAB'),('S7','SALEEN'),('ASTRA','SATURN'),('AURA','SATURN'),('GREEN LINE','SATURN'),('ION','SATURN'),('L SERIES','SATURN'),('L300','SATURN'),('LS SERIES','SATURN'),('LW SERIES','SATURN'),('OUTLOOK','SATURN'),('RED LINE','SATURN'),('RELAY','SATURN'),('SC SERIES','SATURN'),('SKY','SATURN'),('SL SERIES','SATURN'),('SW SERIES','SATURN'),('VUE','SATURN'),('FR-S','SCION'),('IA','SCION'),('IM','SCION'),('IQ','SCION'),('tC','SCION'),('XA','SCION'),('XB','SCION'),('XD','SCION'),('ALHAMBRA','SEAT'),('ALTEA','SEAT'),('ATECA','SEAT'),('BOCANEGRA','SEAT'),('CORDOBA','SEAT'),('EXEO','SEAT'),('FREETRACK','SEAT'),('IBIZA','SEAT'),('IBIZA DSG','SEAT'),('LEON','SEAT'),('TOLEDO','SEAT'),('CABRIO','SMART'),('COUPE','SMART'),('CROSSBLADE','SMART'),('FORFOUR','SMART'),('FORTWO','SMART'),('ROADSTER','SMART'),('825','STERLING'),('827','STERLING'),('BULLET','STERLING'),('CHAMPION','STUDEBAKER'),('COMMANDER','STUDEBAKER'),('FLIGHT HAWK','STUDEBAKER'),('GOLDEN HAWK','STUDEBAKER'),('HAWK','STUDEBAKER'),('LARK','STUDEBAKER'),('POWER HAWK','STUDEBAKER'),('PRESIDENT','STUDEBAKER'),('SILVER HAWK','STUDEBAKER'),('SKY HAWK','STUDEBAKER'),('1600','SUBARU'),('1800','SUBARU'),('ASCENT','SUBARU'),('BAJA','SUBARU'),('BRAT','SUBARU'),('BRZ','SUBARU'),('CROSSTREK','SUBARU'),('DL','SUBARU'),('FORESTER','SUBARU'),('GL','SUBARU'),('GL-10','SUBARU'),('GLF','SUBARU'),('IMPREZA','SUBARU'),('JUSTY','SUBARU'),('LEGACY','SUBARU'),('LOYALE','SUBARU'),('OUTBACK','SUBARU'),('RX','SUBARU'),('SVX','SUBARU'),('TRIBECA','SUBARU'),('WRX','SUBARU'),('WRX STI','SUBARU'),('XT','SUBARU'),('XT CROSSTREK','SUBARU'),('AERIO','SUZUKI'),('EQUATOR','SUZUKI'),('ESTEEM','SUZUKI'),('FORENZA','SUZUKI'),('FORSA','SUZUKI'),('GL','SUZUKI'),('GLX','SUZUKI'),('GRAND VITARA','SUZUKI'),('KIZASHI','SUZUKI'),('L','SUZUKI'),('LJ81','SUZUKI'),('RENO','SUZUKI'),('SA310','SUZUKI'),('SAMURAI','SUZUKI'),('S-CROSS','SUZUKI'),('SIDEKICK','SUZUKI'),('SJ410','SUZUKI'),('SJ413','SUZUKI'),('SWIFT','SUZUKI'),('SWIFT+','SUZUKI'),('SX4','SUZUKI'),('VERONA','SUZUKI'),('VITARA','SUZUKI'),('X-90','SUZUKI'),('XL-7','SUZUKI'),('4RUNNER','TOYOTA'),('86','TOYOTA'),('ACE','TOYOTA'),('ALL TRAC','TOYOTA'),('AVALON','TOYOTA'),('AVANZA','TOYOTA'),('CAMRY','TOYOTA'),('CELICA','TOYOTA'),('C-HR','TOYOTA'),('COROLLA','TOYOTA'),('COROLLA IM','TOYOTA'),('CORONA','TOYOTA'),('CORONA II','TOYOTA'),('CRESSIDA','TOYOTA'),('CROWN','TOYOTA'),('ECHO','TOYOTA'),('FJ CRUISER','TOYOTA'),('HIACE','TOYOTA'),('HIGHLANDER','TOYOTA'),('HILUX','TOYOTA'),('LAND CRUISER','TOYOTA'),('LSX','TOYOTA'),('MARK II','TOYOTA'),('MATRIX','TOYOTA'),('MR2','TOYOTA'),('MR2 SPYDER','TOYOTA'),('PASEO','TOYOTA'),('PICKUP','TOYOTA'),('PREVIA','TOYOTA'),('PRIUS','TOYOTA'),('PRIUS C','TOYOTA'),('PRIUS PLUG-IN','TOYOTA'),('PRIUS PRIME','TOYOTA'),('PRIUS V','TOYOTA'),('RAV 4','TOYOTA'),('RUSH','TOYOTA'),('S (CANADA)','TOYOTA'),('SEQUOIA','TOYOTA'),('SIENNA','TOYOTA'),('SOLARA','TOYOTA'),('SR5','TOYOTA'),('STARLET','TOYOTA'),('SUPRA','TOYOTA'),('T100','TOYOTA'),('TACOMA','TOYOTA'),('TERCEL','TOYOTA'),('TUNDRA','TOYOTA'),('VAN','TOYOTA'),('VENZA','TOYOTA'),('YARIS','TOYOTA'),('YARIS IA','TOYOTA'),('AMERICAN','VAM'),('CLASSIC','VAM'),('GREMLIN','VAM'),('JAVELIN','VAM'),('JEEP','VAM'),('LERNA','VAM'),('PACER','VAM'),('RALLY','VAM'),('RAMBLER','VAM'),('WAGONEER','VAM'),('DESTINO','VLF AUTOMOTIVE'),('1200','VOLKSWAGEN'),('AMAROK','VOLKSWAGEN'),('ATLANTIC','VOLKSWAGEN'),('ATLAS','VOLKSWAGEN'),('BEETLE','VOLKSWAGEN'),('BORA','VOLKSWAGEN'),('BRASILIA','VOLKSWAGEN'),('CABRIO','VOLKSWAGEN'),('CABRIOLET','VOLKSWAGEN'),('CADDY','VOLKSWAGEN'),('CAMPMOBILE','VOLKSWAGEN'),('CARIBE','VOLKSWAGEN'),('CC','VOLKSWAGEN'),('CLASICO','VOLKSWAGEN'),('COMBI','VOLKSWAGEN'),('CORRADO','VOLKSWAGEN'),('CORSAR','VOLKSWAGEN'),('CRAFTER','VOLKSWAGEN'),('CROSSFOX','VOLKSWAGEN'),('DASHER','VOLKSWAGEN'),('DERBY','VOLKSWAGEN'),('EOS','VOLKSWAGEN'),('EUROVAN','VOLKSWAGEN'),('FASTBACK','VOLKSWAGEN'),('FOX','VOLKSWAGEN'),('GLI','VOLKSWAGEN'),('GOL','VOLKSWAGEN'),('GOLF','VOLKSWAGEN'),('GOLF ALLTRACK','VOLKSWAGEN'),('GOLF R','VOLKSWAGEN'),('GOLF SPORTWAGEN','VOLKSWAGEN'),('GTI','VOLKSWAGEN'),('HORMIGA','VOLKSWAGEN'),('JETTA','VOLKSWAGEN'),('KARMANN GHIA','VOLKSWAGEN'),('LUPO','VOLKSWAGEN'),('PASSAT','VOLKSWAGEN'),('PHAETON','VOLKSWAGEN'),('POINTER','VOLKSWAGEN'),('POINTER PICKUP','VOLKSWAGEN'),('POLO','VOLKSWAGEN'),('QUANTUM','VOLKSWAGEN'),('R32','VOLKSWAGEN'),('RABBIT','VOLKSWAGEN'),('ROUTAN','VOLKSWAGEN'),('SAFARI','VOLKSWAGEN'),('SAVEIRO','VOLKSWAGEN'),('SCIROCCO','VOLKSWAGEN'),('SEDAN','VOLKSWAGEN'),('SHARAN','VOLKSWAGEN'),('SPORT VAN','VOLKSWAGEN'),('SQUAREBACK','VOLKSWAGEN'),('THING','VOLKSWAGEN'),('TIGUAN','VOLKSWAGEN'),('TIGUAN LIMITED','VOLKSWAGEN'),('TOUAREG','VOLKSWAGEN'),('TRANSPORTER','VOLKSWAGEN'),('UP','VOLKSWAGEN'),('VAN','VOLKSWAGEN'),('VANAGON','VOLKSWAGEN'),('VENTO','VOLKSWAGEN'),('120 SERIES','VOLVO'),('140 SERIES','VOLVO'),('160 SERIES','VOLVO'),('1800 SERIES','VOLVO'),('240 SERIES','VOLVO'),('260 SERIES','VOLVO'),('440 SERIES','VOLVO'),('540 SERIES','VOLVO'),('740 SERIES','VOLVO'),('760 SERIES','VOLVO'),('780 SERIES','VOLVO'),('850 SERIES','VOLVO'),('940 SERIES','VOLVO'),('960 SERIES','VOLVO'),('C30','VOLVO'),('C70','VOLVO'),('S40','VOLVO'),('S60','VOLVO'),('S70','VOLVO'),('S80','VOLVO'),('S90','VOLVO'),('V40','VOLVO'),('V50','VOLVO'),('V60','VOLVO'),('V70','VOLVO'),('V90','VOLVO'),('XC40','VOLVO'),('XC60','VOLVO'),('XC70','VOLVO'),('XC90','VOLVO'),('MV-1','VPG'),('CABRIO','YUGO'),('GV','YUGO'),('GVL','YUGO'),('GVS','YUGO'),('GVX','YUGO');
/*!40000 ALTER TABLE `submarca` ENABLE KEYS */;
UNLOCK TABLES;

--
-- Table structure for table `vehiculo`
--

DROP TABLE IF EXISTS `vehiculo`;
/*!40101 SET @saved_cs_client     = @@character_set_client */;
/*!40101 SET character_set_client = utf8 */;
CREATE TABLE `vehiculo` (
  `id` int(11) NOT NULL AUTO_INCREMENT,
  `placa` varchar(15) DEFAULT NULL,
  `tipo` varchar(15) DEFAULT NULL,
  `submarca` varchar(50) DEFAULT NULL,
  `modelo` int(11) DEFAULT NULL,
  `km` int(11) DEFAULT NULL,
  `fechakm` date DEFAULT NULL,
  `poliza` varchar(15) DEFAULT NULL,
  `fechaseguro` date DEFAULT NULL,
  `observaciones` varchar(150) DEFAULT NULL,
  `estado` varchar(15) DEFAULT NULL,
  `noeconomico` varchar(15) DEFAULT NULL,
  `idCorralon` int(11) DEFAULT NULL,
  `rfcseguro` varchar(15) DEFAULT NULL,
  `marca` varchar(50) DEFAULT NULL,
  `nprovisional` varchar(15) DEFAULT NULL,
  PRIMARY KEY (`id`),
  KEY `idCorralon` (`idCorralon`),
  KEY `rfcseguro` (`rfcseguro`),
  KEY `marca` (`marca`),
  CONSTRAINT `vehiculo_ibfk_1` FOREIGN KEY (`idCorralon`) REFERENCES `corralon` (`id`) ON DELETE CASCADE ON UPDATE CASCADE,
  CONSTRAINT `vehiculo_ibfk_3` FOREIGN KEY (`marca`) REFERENCES `marca` (`marca`) ON DELETE CASCADE ON UPDATE CASCADE
) ENGINE=InnoDB AUTO_INCREMENT=4 DEFAULT CHARSET=latin1;
/*!40101 SET character_set_client = @saved_cs_client */;

--
-- Dumping data for table `vehiculo`
--

LOCK TABLES `vehiculo` WRITE;
/*!40000 ALTER TABLE `vehiculo` DISABLE KEYS */;
INSERT INTO `vehiculo` VALUES (3,'NULL','Camion','LIMOUSINE',1965,3435345,'2019-05-26','4534534','2019-06-01','ererfer','inactivo','433534444',1,'RFTAXA1','BORGWARD','NULL');
/*!40000 ALTER TABLE `vehiculo` ENABLE KEYS */;
UNLOCK TABLES;
/*!40103 SET TIME_ZONE=@OLD_TIME_ZONE */;

/*!40101 SET SQL_MODE=@OLD_SQL_MODE */;
/*!40014 SET FOREIGN_KEY_CHECKS=@OLD_FOREIGN_KEY_CHECKS */;
/*!40014 SET UNIQUE_CHECKS=@OLD_UNIQUE_CHECKS */;
/*!40101 SET CHARACTER_SET_CLIENT=@OLD_CHARACTER_SET_CLIENT */;
/*!40101 SET CHARACTER_SET_RESULTS=@OLD_CHARACTER_SET_RESULTS */;
/*!40101 SET COLLATION_CONNECTION=@OLD_COLLATION_CONNECTION */;
/*!40111 SET SQL_NOTES=@OLD_SQL_NOTES */;

-- Dump completed on 2019-05-15 17:22:32
